route_id,mode_transport,route_short_name,route_type
IDFM:C00815,Bus,34,3
IDFM:C01792,Bus,N2,3
IDFM:C00562,Bus,N1,3
IDFM:C00563,Tram,CDG VAL,0
IDFM:C01385,Funiculaire,FUN,7
IDFM:C01386,Métro,3B,1
IDFM:C01382,Métro,12,1
IDFM:C01390,Tram,T2,0
IDFM:C01393,Bus,N52,3
IDFM:C01395,Bus,N44,3
IDFM:C01400,Bus,N31,3
IDFM:C01401,Bus,N21,3
IDFM:C01409,Bus,N53,3
IDFM:C01381,Métro,11,1
IDFM:C01679,Tram,T3b,0
IDFM:C01380,Métro,10,1
IDFM:C01774,Tram,T7,0
IDFM:C01794,Tram,T6,0
IDFM:C01795,Tram,T8,0
IDFM:C01379,Métro,9,1
IDFM:C01378,Métro,8,1
IDFM:C01377,Métro,7,1
IDFM:C02834,Bus,240,3
IDFM:C02526,Bus,N155,3
IDFM:C01376,Métro,6,1
IDFM:C01374,Métro,4,1
IDFM:C01373,Métro,3,1
IDFM:C01642,Bus,N134,3
IDFM:C01643,Bus,N135,3
IDFM:C01648,Bus,N133,3
IDFM:C02768,Bus,Soir,3
IDFM:C02770,Bus,Soir,3
IDFM:C02773,Bus,Soir,3
IDFM:C02774,Bus,Soir,3
IDFM:C02513,Bus,Soir,3
IDFM:C01372,Métro,2,1
IDFM:C01371,Métro,1,1
IDFM:C00960,Bus,7708,3
IDFM:C01634,Bus,N130,3
IDFM:C01422,Bus,N153,3
IDFM:C01330,Bus,BIEVRES,3
IDFM:C01640,Bus,N142,3
IDFM:C02595,Bus,Soir,3
IDFM:C02580,Bus,Soir,3
IDFM:C01644,Bus,N143,3
IDFM:C01867,Bus,20,3
IDFM:C02060,Bus,Filéo RS,3
IDFM:C02602,Bus,Soir,3
IDFM:C02603,Bus,Soir,3
IDFM:C01500,Bus,7705,3
IDFM:C00834,Bus,3504,3
IDFM:C00835,Bus,3505,3
IDFM:C01636,Bus,N131,3
IDFM:C02659,Bus,N123,3
IDFM:C01421,Bus,N122,3
IDFM:C02634,Bus,N162,3
IDFM:C02635,Bus,N160,3
IDFM:C01645,Bus,N139,3
IDFM:C02631,Bus,4250,3
IDFM:C00770,Bus,1223,3
IDFM:C00448,Bus,30-18,3
IDFM:C00466,Bus,30-42,3
IDFM:C02709,Bus,N148,3
IDFM:C01647,Bus,N154,3
IDFM:C01641,Bus,N152,3
IDFM:C01637,Bus,N150,3
IDFM:C02344,Tram,T13,0
IDFM:C02529,Tram,T12,0
IDFM:C01388,Tram,ORLYVAL,0
IDFM:C01544,Bus,Selected,3
IDFM:C01545,Bus,CDG,3
IDFM:C01546,Bus,Orly,3
IDFM:C01832,Bus,C,3
IDFM:C01836,Bus,G,3
IDFM:C01837,Bus,J,3
IDFM:C02723,Bus,A04 VIL,3
IDFM:C01223,Bus,208,3
IDFM:C02666,Autre,C1,6
IDFM:C01187,Bus,165,3
IDFM:C02681,Bus,3752,3
IDFM:C00004,Bus,483,3
IDFM:C00887,Bus,3612,3
IDFM:C01383,Métro,13,1
IDFM:C01194,Bus,173,3
IDFM:C01384,Métro,14,1
IDFM:C01189,Bus,167,3
IDFM:C00885,Bus,3610,3
IDFM:C01185,Bus,163,3
IDFM:C01071,Bus,TVM,3
IDFM:C01669,Bus,3705,3
IDFM:C00619,Bus,2252,3
IDFM:C01183,Bus,160,3
IDFM:C01182,Bus,159,3
IDFM:C01181,Bus,158,3
IDFM:C00882,Bus,3605,3
IDFM:C01180,Bus,157,3
IDFM:C01177,Bus,153,3
IDFM:C01201,Bus,180,3
IDFM:C01193,Bus,172,3
IDFM:C01202,Bus,181,3
IDFM:C01192,Bus,171,3
IDFM:C00003,Bus,Licorne,3
IDFM:C00869,Bus,3735,3
IDFM:C01387,Métro,7B,1
IDFM:C01203,Bus,182,3
IDFM:C01389,Tram,T1,0
IDFM:C00006,Bus,480,3
IDFM:C01197,Bus,176,3
IDFM:C01391,Tram,T3a,0
IDFM:C00867,Bus,3723,3
IDFM:C00866,Bus,3726,3
IDFM:C00865,Bus,3724,3
IDFM:C01173,Bus,148,3
IDFM:C01172,Bus,147,3
IDFM:C01481,Bus,426,3
IDFM:C01204,Bus,183,3
IDFM:C00864,Bus,3725,3
IDFM:C01488,Bus,471,3
IDFM:C01205,Bus,184,3
IDFM:C00863,Bus,3722,3
IDFM:C01171,Bus,146,3
IDFM:C01170,Bus,145,3
IDFM:C01169,Bus,144,3
IDFM:C01206,Bus,185,3
IDFM:C01680,Bus,35,3
IDFM:C00626,Bus,2222,3
IDFM:C01207,Bus,186,3
IDFM:C01684,Tram,T5,0
IDFM:C01168,Bus,143,3
IDFM:C01167,Bus,141,3
IDFM:C01165,Bus,139,3
IDFM:C02317,Tram,T9,0
IDFM:C01161,Bus,133,3
IDFM:C01696,Bus,248,3
IDFM:C00861,Bus,3714,3
IDFM:C01160,Bus,132,3
IDFM:C00859,Bus,Tzen1,3
IDFM:C00881,Bus,3601,3
IDFM:C01756,Bus,337,3
IDFM:C01159,Bus,131,3
IDFM:C01072,Bus,20,3
IDFM:C01808,Bus,254,3
IDFM:C01209,Bus,188,3
IDFM:C01158,Bus,129,3
IDFM:C01157,Bus,128,3
IDFM:C01809,Bus,380,3
IDFM:C00628,Bus,2225,3
IDFM:C01155,Bus,126,3
IDFM:C02000,Bus,259,3
IDFM:C00855,Bus,3743,3
IDFM:C01154,Bus,125,3
IDFM:C00854,Bus,3742,3
IDFM:C02007,Bus,168,3
IDFM:C00853,Bus,3741,3
IDFM:C00852,Bus,3737,3
IDFM:C02008,Bus,353,3
IDFM:C02027,Bus,260,3
IDFM:C00851,Bus,3736,3
IDFM:C01151,Bus,122,3
IDFM:C02205,Bus,PC,3
IDFM:C00850,Bus,3734,3
IDFM:C01150,Bus,121,3
IDFM:C00847,Bus,3713,3
IDFM:C00846,Bus,3712,3
IDFM:C02243,Bus,25,3
IDFM:C00845,Bus,3711,3
IDFM:C01146,Bus,117,3
IDFM:C02244,Bus,45,3
IDFM:C00844,Bus,3753,3
IDFM:C01144,Bus,115,3
IDFM:C00843,Bus,3703,3
IDFM:C01134,Bus,105,3
IDFM:C01133,Bus,104,3
IDFM:C02245,Bus,59,3
IDFM:C01190,Bus,169,3
IDFM:C00836,Bus,7715,3
IDFM:C01132,Bus,103,3
IDFM:C01131,Bus,102,3
IDFM:C02246,Bus,71,3
IDFM:C02691,Bus,Soir,3
IDFM:C02689,Bus,Soir,3
IDFM:C01127,Bus,96,3
IDFM:C02251,Bus,77,3
IDFM:C01126,Bus,95,3
IDFM:C02298,Bus,2245,3
IDFM:C02254,Bus,40,3
IDFM:C01125,Bus,94,3
IDFM:C01124,Bus,93,3
IDFM:C02314,Bus,263,3
IDFM:C02404,Bus,BUS T1,3
IDFM:C01122,Bus,91,3
IDFM:C02713,Bus,245,3
IDFM:C02714,Bus,202,3
IDFM:C01121,Bus,89,3
IDFM:C02015,Bus,2235,3
IDFM:C00111,Bus,6511,3
IDFM:C00114,Bus,7819,3
IDFM:C00267,Bus,6531,3
IDFM:C00270,Bus,6540,3
IDFM:C00272,Bus,6517,3
IDFM:C00273,Bus,7809,3
IDFM:C00001,Bus,482,3
IDFM:C00274,Bus,6512,3
IDFM:C00281,Bus,6503,3
IDFM:C01120,Bus,88,3
IDFM:C01879,Bus,2224,3
IDFM:C01119,Bus,87,3
IDFM:C00286,Bus,6510,3
IDFM:C00640,Bus,6542,3
IDFM:C00644,Bus,6543,3
IDFM:C01118,Bus,86,3
IDFM:C00654,Bus,6541,3
IDFM:C00655,Bus,7801,3
IDFM:C01713,Bus,2228,3
IDFM:C00753,Bus,7821,3
IDFM:C00754,Bus,7822,3
IDFM:C01773,Bus,6534,3
IDFM:C01784,Bus,6504,3
IDFM:C01116,Bus,84,3
IDFM:C01115,Bus,83,3
IDFM:C01937,Bus,6516,3
IDFM:C02540,Bus,6519,3
IDFM:C02565,Bus,6501,3
IDFM:C00945,Bus,2260,3
IDFM:C01114,Bus,82,3
IDFM:C00621,Bus,2290,3
IDFM:C02566,Bus,6502,3
IDFM:C01112,Bus,80,3
IDFM:C02567,Bus,6505,3
IDFM:C00943,Bus,2261,3
IDFM:C02568,Bus,6506,3
IDFM:C01111,Bus,76,3
IDFM:C02569,Bus,6507,3
IDFM:C01110,Bus,75,3
IDFM:C02570,Bus,6513,3
IDFM:C01074,Bus,22,3
IDFM:C02587,Bus,TàD,3
IDFM:C02588,Bus,TàD,3
IDFM:C02589,Bus,Soir,3
IDFM:C01108,Bus,73,3
IDFM:C02627,Bus,Soir,3
IDFM:C02628,Bus,Soir,3
IDFM:C00731,Bus,5409,3
IDFM:C00733,Bus,5455,3
IDFM:C00747,Bus,5457,3
IDFM:C00903,Bus,2262,3
IDFM:C01107,Bus,72,3
IDFM:C01428,Bus,5410,3
IDFM:C01600,Bus,5402,3
IDFM:C01106,Bus,70,3
IDFM:C01105,Bus,69,3
IDFM:C01601,Bus,5403,3
IDFM:C01104,Bus,68,3
IDFM:C01375,Métro,5,1
IDFM:C01603,Bus,5405,3
IDFM:C01604,Bus,5414,3
IDFM:C00635,Bus,2233,3
IDFM:C01103,Bus,67,3
IDFM:C01100,Bus,64,3
IDFM:C01605,Bus,5406,3
IDFM:C01099,Bus,63,3
IDFM:C01098,Bus,62,3
IDFM:C01606,Bus,5407,3
IDFM:C01607,Bus,5425,3
IDFM:C01612,Bus,5408,3
IDFM:C01097,Bus,61,3
IDFM:C01796,Bus,5413,3
IDFM:C01797,Bus,5412,3
IDFM:C01949,Bus,5401,3
IDFM:C02622,Bus,W,3
IDFM:C02511,Bus,Q,3
IDFM:C02440,Bus,P,3
IDFM:C02249,Bus,7820,3
IDFM:C01904,Bus,L,3
IDFM:C01833,Bus,D,3
IDFM:C00140,Bus,1115,3
IDFM:C02827,Bus,TUVIM ISG,3
IDFM:C02826,Bus,TUVIM EP,3
IDFM:C02825,Bus,SUBB S,3
IDFM:C02304,Bus,ChavilBus,3
IDFM:C02301,Bus,GPSO Bus,3
IDFM:C02300,Bus,469,3
IDFM:C01827,Bus,2,3
IDFM:C01826,Bus,1,3
IDFM:C02479,Bus,5441,3
IDFM:C01229,Bus,215,3
IDFM:C02480,Bus,5411,3
IDFM:C01365,Bus,TUVIM CV,3
IDFM:C01353,Bus,SUBB N,3
IDFM:C01352,Bus,TIM,3
IDFM:C02665,Bus,Soir,3
IDFM:C02667,Bus,Soir,3
IDFM:C02806,Bus,5404,3
IDFM:C01191,Bus,170,3
IDFM:C00292,Bus,1,3
IDFM:C00393,Bus,1101,3
IDFM:C00294,Bus,2,3
IDFM:C01412,Bus,N35,3
IDFM:C00295,Bus,4,3
IDFM:C01404,Bus,N32,3
IDFM:C01399,Bus,N33,3
IDFM:C01075,Bus,24,3
IDFM:C00297,Bus,8,3
IDFM:C01398,Bus,N34,3
IDFM:C01231,Bus,217,3
IDFM:C01276,Bus,306,3
IDFM:C00298,Bus,9,3
IDFM:C00303,Bus,18,3
IDFM:C00308,Bus,6,3
IDFM:C01234,Bus,234,3
IDFM:C00312,Bus,7,3
IDFM:C01233,Bus,221,3
IDFM:C01096,Bus,60,3
IDFM:C01228,Bus,214,3
IDFM:C01224,Bus,210,3
IDFM:C01220,Bus,203,3
IDFM:C00316,Bus,J,3
IDFM:C00317,Bus,H,3
IDFM:C01238,Bus,239,3
IDFM:C00330,Bus,A,3
IDFM:C00332,Bus,E,3
IDFM:C00335,Bus,C,3
IDFM:C00337,Bus,G,3
IDFM:C01153,Bus,124,3
IDFM:C01250,Bus,262,3
IDFM:C01149,Bus,120,3
IDFM:C01239,Bus,241,3
IDFM:C01478,Bus,12,3
IDFM:C01681,Bus,3,3
IDFM:C01755,Bus,D,3
IDFM:C00875,Bus,3604,3
IDFM:C02144,Bus,T,3
IDFM:C01240,Bus,244,3
IDFM:C02149,Bus,B,3
IDFM:C02150,Bus,F,3
IDFM:C02629,Bus,N,3
IDFM:C02730,Bus,26,3
IDFM:C02731,Bus,25,3
IDFM:C01076,Bus,26,3
IDFM:C01145,Bus,116,3
IDFM:C01241,Bus,249,3
IDFM:C01077,Bus,27,3
IDFM:C00340,Bus,402,3
IDFM:C00342,Bus,412,3
IDFM:C00345,Bus,408,3
IDFM:C00346,Bus,409,3
IDFM:C01142,Bus,113,3
IDFM:C00358,Bus,4114,3
IDFM:C00395,Bus,1103,3
IDFM:C01242,Bus,250,3
IDFM:C00376,Bus,4116,3
IDFM:C00576,Bus,4115,3
IDFM:C01243,Bus,251,3
IDFM:C00577,Bus,4119,3
IDFM:C01095,Bus,58,3
IDFM:C00579,Bus,4158,3
IDFM:C00580,Bus,4134,3
IDFM:C00582,Bus,4111,3
IDFM:C00586,Bus,4131,3
IDFM:C00590,Bus,4133,3
IDFM:C00399,Bus,1113,3
IDFM:C00591,Bus,4132,3
IDFM:C00598,Bus,4130,3
IDFM:C00599,Bus,4135,3
IDFM:C00602,Bus,4120,3
IDFM:C01562,Bus,9101,3
IDFM:C01886,Bus,4112,3
IDFM:C02775,Bus,Soir,3
IDFM:C01078,Bus,28,3
IDFM:C01136,Bus,107,3
IDFM:C00038,Bus,6132,3
IDFM:C01552,Bus,9504,3
IDFM:C00050,Bus,6123,3
IDFM:C01244,Bus,252,3
IDFM:C01700,Bus,6164,3
IDFM:C01701,Bus,6161,3
IDFM:C01702,Bus,6162,3
IDFM:C01805,Bus,6134,3
IDFM:C02745,Bus,363,3
IDFM:C01245,Bus,253,3
IDFM:C01337,Bus,AUDONIE,3
IDFM:C02485,Bus,TàD 6131,3
IDFM:C00098,Bus,4441,3
IDFM:C00105,Bus,4413,3
IDFM:C01563,Bus,9102,3
IDFM:C01564,Bus,9103,3
IDFM:C01292,Bus,340,3
IDFM:C01079,Bus,29,3
IDFM:C01246,Bus,255,3
IDFM:C02473,Bus,4415,3
IDFM:C02474,Bus,Soir,3
IDFM:C00637,Bus,7718,3
IDFM:C01094,Bus,57,3
IDFM:C00661,Bus,7720,3
IDFM:C01237,Bus,238,3
IDFM:C00898,Bus,2315,3
IDFM:C00900,Bus,2306,3
IDFM:C01554,Bus,1116,3
IDFM:C01236,Bus,237,3
IDFM:C00902,Bus,2303,3
IDFM:C01247,Bus,256,3
IDFM:C00909,Bus,2318,3
IDFM:C00912,Bus,2312,3
IDFM:C00914,Bus,2319,3
IDFM:C01235,Bus,235,3
IDFM:C00915,Bus,2313,3
IDFM:C00948,Bus,2317,3
IDFM:C00949,Bus,2311,3
IDFM:C00953,Bus,2302,3
IDFM:C01248,Bus,258,3
IDFM:C00954,Bus,2301,3
IDFM:C01199,Bus,178,3
IDFM:C01785,Bus,1110,3
IDFM:C00955,Bus,2308,3
IDFM:C01249,Bus,261,3
IDFM:C00957,Bus,2307,3
IDFM:C01786,Bus,1112,3
IDFM:C00958,Bus,2304,3
IDFM:C00959,Bus,2309,3
IDFM:C00961,Bus,7709,3
IDFM:C01093,Bus,56,3
IDFM:C01251,Bus,268,3
IDFM:C01080,Bus,30,3
IDFM:C02234,Bus,2314,3
IDFM:C02489,Bus,Soir,3
IDFM:C02490,Bus,Soir,3
IDFM:C00934,Bus,2428,3
IDFM:C00944,Bus,2407,3
IDFM:C00947,Bus,7712,3
IDFM:C02206,Bus,1117,3
IDFM:C01196,Bus,175,3
IDFM:C01252,Bus,269,3
IDFM:C01059,Bus,2424,3
IDFM:C01063,Bus,7717,3
IDFM:C01253,Bus,270,3
IDFM:C02035,Bus,2401,3
IDFM:C01188,Bus,166,3
IDFM:C02036,Bus,2402,3
IDFM:C02069,Bus,2403,3
IDFM:C02154,Bus,2426,3
IDFM:C02365,Bus,2405,3
IDFM:C00143,Bus,EX01,3
IDFM:C01166,Bus,140,3
IDFM:C00144,Bus,8,3
IDFM:C00145,Bus,9,3
IDFM:C02831,Bus,9513,3
IDFM:C00149,Bus,10,3
IDFM:C00150,Bus,15,3
IDFM:C00154,Bus,21,3
IDFM:C00156,Bus,R4,3
IDFM:C01163,Bus,137,3
IDFM:C00157,Bus,R5,3
IDFM:C00158,Bus,R2N,3
IDFM:C00159,Bus,R2S,3
IDFM:C00160,Bus,R1,3
IDFM:C00161,Bus,R3N,3
IDFM:C00162,Bus,R3S,3
IDFM:C02491,Bus,Soir,3
IDFM:C02503,Bus,TàD 78,3
IDFM:C02615,Bus,11,3
IDFM:C00341,Bus,3,3
IDFM:C00344,Bus,7,3
IDFM:C00350,Bus,14,3
IDFM:C01117,Bus,85,3
IDFM:C01109,Bus,74,3
IDFM:C01336,Bus,MONTBUS,3
IDFM:C01092,Bus,54,3
IDFM:C01357,Bus,CLAM,3
IDFM:C01366,Bus,AMIBUS,3
IDFM:C01081,Bus,31,3
IDFM:C01368,Bus,FONT,3
IDFM:C01370,Bus,HIRO,3
IDFM:C00403,Bus,5110,3
IDFM:C01360,Bus,CHOISYBUS,3
IDFM:C02538,Bus,311,3
IDFM:C00418,Bus,5101,3
IDFM:C00544,Bus,5141,3
IDFM:C01521,Bus,5134,3
IDFM:C01256,Bus,275,3
IDFM:C01523,Bus,5132,3
IDFM:C01524,Bus,5120,3
IDFM:C01526,Bus,5122,3
IDFM:C02437,Bus,209,3
IDFM:C01527,Bus,5104,3
IDFM:C02137,Bus,4,3
IDFM:C02136,Bus,7,3
IDFM:C02133,Bus,9,3
IDFM:C02129,Bus,3,3
IDFM:C02092,Bus,643,3
IDFM:C01362,Bus,V5,3
IDFM:C01361,Bus,V2,3
IDFM:C01260,Bus,281,3
IDFM:C01528,Bus,5105,3
IDFM:C02062,Bus,EX 100,3
IDFM:C01350,Bus,565,3
IDFM:C00622,Bus,2250,3
IDFM:C01717,Bus,8,3
IDFM:C01345,Bus,559,3
IDFM:C01342,Bus,TUB,3
IDFM:C01589,Bus,623,3
IDFM:C01530,Bus,5107,3
IDFM:C01338,Bus,EOLIEN,3
IDFM:C01581,Bus,613,3
IDFM:C01531,Bus,5106,3
IDFM:C01333,Bus,NEY-FLA,3
IDFM:C01577,Bus,605,3
IDFM:C01532,Bus,5143,3
IDFM:C01537,Bus,5133,3
IDFM:C01575,Bus,603,3
IDFM:C01538,Bus,5145,3
IDFM:C01332,Bus,BATIGNO,3
IDFM:C01539,Bus,5103,3
IDFM:C01574,Bus,602,3
IDFM:C01329,Bus,CHARONNE,3
IDFM:C01427,Bus,5,3
IDFM:C01323,Bus,421,3
IDFM:C01090,Bus,52,3
IDFM:C01541,Bus,5150,3
IDFM:C01285,Bus,321,3
IDFM:C01283,Bus,320,3
IDFM:C01542,Bus,5151,3
IDFM:C01263,Bus,286,3
IDFM:C01869,Bus,5102,3
IDFM:C01870,Bus,5115,3
IDFM:C02170,Bus,5113,3
IDFM:C01279,Bus,312,3
IDFM:C01278,Bus,310,3
IDFM:C02216,Bus,5123,3
IDFM:C02217,Bus,5124,3
IDFM:C02218,Bus,5125,3
IDFM:C00197,Bus,15,3
IDFM:C01232,Bus,220,3
IDFM:C00216,Bus,45,3
IDFM:C01227,Bus,213,3
IDFM:C01550,Bus,703,3
IDFM:C01324,Bus,467,3
IDFM:C01226,Bus,212,3
IDFM:C01578,Bus,607,3
IDFM:C01225,Bus,211,3
IDFM:C01579,Bus,609,3
IDFM:C01222,Bus,207,3
IDFM:C01082,Bus,32,3
IDFM:C01583,Bus,615,3
IDFM:C01221,Bus,206,3
IDFM:C01584,Bus,616,3
IDFM:C01586,Bus,618,3
IDFM:C00639,Bus,EX 19,3
IDFM:C00033,Bus,B,3
IDFM:C00031,Bus,A,3
IDFM:C02732,Tram,T14,0
IDFM:C01588,Bus,620,3
IDFM:C01999,Tram,T11,0
IDFM:C01089,Bus,48,3
IDFM:C01591,Bus,637,3
IDFM:C01594,Bus,642,3
IDFM:C01321,Bus,396,3
IDFM:C02630,Bus,612,3
IDFM:C01843,Tram,T4,0
IDFM:C00018,Bus,3119,3
IDFM:C00027,Bus,7716,3
IDFM:C00546,Bus,3101,3
IDFM:C00550,Bus,3121,3
IDFM:C00551,Bus,423,3
IDFM:C02107,Bus,3137,3
IDFM:C02617,Bus,3102,3
IDFM:C00786,Bus,3409,3
IDFM:C00793,Bus,3401,3
IDFM:C00794,Bus,3404,3
IDFM:C00799,Bus,3439,3
IDFM:C01444,Bus,3438,3
IDFM:C01450,Bus,3433,3
IDFM:C01494,Bus,3407,3
IDFM:C01947,Bus,3408,3
IDFM:C02159,Bus,3421,3
IDFM:C00798,Bus,Ex46,3
IDFM:C01435,Bus,3301,3
IDFM:C01436,Bus,3303,3
IDFM:C01437,Bus,3304,3
IDFM:C01443,Bus,3302,3
IDFM:C02795,Bus,1433,3
IDFM:C02257,Bus,95-29,3
IDFM:C01451,Bus,3319,3
IDFM:C00191,Bus,11,3
IDFM:C02041,Bus,CitéVal F,3
IDFM:C02006,Bus,30-49,3
IDFM:C02005,Bus,30-03,3
IDFM:C01878,Bus,30-07,3
IDFM:C00205,Bus,30 B,3
IDFM:C01875,Bus,30-48,3
IDFM:C01709,Bus,30-47,3
IDFM:C00484,Bus,3801,3
IDFM:C00479,Bus,Navette,3
IDFM:C01088,Bus,47,3
IDFM:C00477,Bus,95-21,3
IDFM:C00476,Bus,95-20,3
IDFM:C00207,Bus,R8,3
IDFM:C00208,Bus,31,3
IDFM:C00473,Bus,95-19,3
IDFM:C00472,Bus,95-03B,3
IDFM:C00471,Bus,95-03A,3
IDFM:C00211,Bus,33,3
IDFM:C00224,Bus,Gbus,3
IDFM:C01083,Bus,38,3
IDFM:C00445,Bus,30-12,3
IDFM:C00228,Bus,R1,3
IDFM:C01318,Bus,393,3
IDFM:C00444,Bus,30-11,3
IDFM:C00443,Bus,30-10,3
IDFM:C00442,Bus,30-09,3
IDFM:C00437,Bus,30-05,3
IDFM:C00229,Bus,R2,3
IDFM:C02625,Bus,1235,3
IDFM:C00231,Bus,R4,3
IDFM:C02226,Bus,1204,3
IDFM:C00233,Bus,R6,3
IDFM:C00261,Bus,VITAVIL,3
IDFM:C02085,Bus,1233,3
IDFM:C00265,Bus,9502,3
IDFM:C01685,Bus,1221,3
IDFM:C01674,Bus,1222,3
IDFM:C01480,Bus,1227,3
IDFM:C01479,Bus,1234,3
IDFM:C01477,Bus,1231,3
IDFM:C00612,Bus,24,3
IDFM:C01429,Bus,Filéo OTH,3
IDFM:C01431,Bus,Filéo SAR,3
IDFM:C01432,Bus,Filéo GSV,3
IDFM:C01475,Bus,1205,3
IDFM:C01433,Bus,Filéo VLB,3
IDFM:C00785,Bus,1242,3
IDFM:C00782,Bus,1232,3
IDFM:C02030,Bus,Soir,3
IDFM:C00781,Bus,1226,3
IDFM:C02604,Bus,R9,3
IDFM:C00198,Bus,2116,3
IDFM:C00778,Bus,1208,3
IDFM:C00774,Bus,1207,3
IDFM:C00772,Bus,1201,3
IDFM:C00199,Bus,2117,3
IDFM:C00771,Bus,1224,3
IDFM:C00769,Bus,1202,3
IDFM:C00200,Bus,2118,3
IDFM:C00202,Bus,2121,3
IDFM:C00768,Bus,1240,3
IDFM:C00767,Bus,1239,3
IDFM:C00766,Bus,1238,3
IDFM:C00764,Bus,1206,3
IDFM:C00204,Bus,2123,3
IDFM:C00245,Bus,2101,3
IDFM:C00763,Bus,1203,3
IDFM:C00246,Bus,2102,3
IDFM:C00762,Bus,1230,3
IDFM:C00248,Bus,2104,3
IDFM:C00656,Bus,2128,3
IDFM:C02675,Bus,Soir,3
IDFM:C02674,Bus,Soir,3
IDFM:C02624,Bus,N147,3
IDFM:C00659,Bus,2120,3
IDFM:C01675,Bus,100,3
IDFM:C01776,Bus,2129,3
IDFM:C01660,Bus,1302,3
IDFM:C01659,Bus,1301,3
IDFM:C01472,Bus,9518,3
IDFM:C01866,Bus,2124,3
IDFM:C01456,Bus,3201,3
IDFM:C01464,Bus,3202,3
IDFM:C01499,Bus,7704,3
IDFM:C01505,Bus,7707,3
IDFM:C01509,Bus,3213,3
IDFM:C01517,Bus,3208,3
IDFM:C00606,Bus,1303,3
IDFM:C02736,Bus,4215,3
IDFM:C02725,Bus,9112,3
IDFM:C01519,Bus,3209,3
IDFM:C01520,Bus,TàD 3209,3
IDFM:C01664,Bus,3203,3
IDFM:C02724,Bus,4242,3
IDFM:C02636,Bus,Tzen4,3
IDFM:C00819,Bus,3503,3
IDFM:C00833,Bus,3502,3
IDFM:C02032,Bus,3547,3
IDFM:C02750,Bus,Soir,3
IDFM:C00084,Bus,437,3
IDFM:C01272,Bus,301,3
IDFM:C01956,Bus,4220,3
IDFM:C01714,Bus,4240,3
IDFM:C01630,Bus,4219,3
IDFM:C00085,Bus,438,3
IDFM:C01628,Bus,4245,3
IDFM:C00263,Bus,100,3
IDFM:C01627,Bus,4214,3
IDFM:C01623,Bus,4217,3
IDFM:C00547,Bus,440,3
IDFM:C01622,Bus,4202,3
IDFM:C01273,Bus,302,3
IDFM:C00548,Bus,451,3
IDFM:C01314,Bus,388,3
IDFM:C00552,Bus,431,3
IDFM:C01620,Bus,4241,3
IDFM:C01619,Bus,4204,3
IDFM:C00553,Bus,432,3
IDFM:C01618,Bus,4212,3
IDFM:C01616,Bus,4201,3
IDFM:C00554,Bus,433,3
IDFM:C01087,Bus,46,3
IDFM:C01275,Bus,304,3
IDFM:C00555,Bus,434,3
IDFM:C00987,Bus,4232,3
IDFM:C00985,Bus,4231,3
IDFM:C00556,Bus,435,3
IDFM:C00685,Bus,4223,3
IDFM:C00557,Bus,436,3
IDFM:C00665,Bus,4205,3
IDFM:C00573,Bus,428,3
IDFM:C01277,Bus,308,3
IDFM:C00392,Bus,4233,3
IDFM:C00388,Bus,4243,3
IDFM:C00574,Bus,427,3
IDFM:C00386,Bus,4230,3
IDFM:C00385,Bus,4203,3
IDFM:C02641,Bus,Soir,3
IDFM:C02638,Bus,5304,3
IDFM:C00581,Bus,450,3
IDFM:C01721,Bus,5307,3
IDFM:C00500,Bus,5347,3
IDFM:C00409,Bus,5312,3
IDFM:C00402,Bus,5327,3
IDFM:C00594,Bus,429,3
IDFM:C00401,Bus,5315,3
IDFM:C00276,Bus,5323,3
IDFM:C00184,Bus,5303,3
IDFM:C00183,Bus,5302,3
IDFM:C00182,Bus,5301,3
IDFM:C01751,Bus,430,3
IDFM:C00171,Bus,7811,3
IDFM:C00170,Bus,7810,3
IDFM:C02204,Bus,7802,3
IDFM:C02201,Bus,9111,3
IDFM:C00652,Bus,7808,3
IDFM:C00532,Bus,7807,3
IDFM:C01280,Bus,317,3
IDFM:C00426,Bus,7818,3
IDFM:C00287,Bus,7804,3
IDFM:C02286,Bus,6214,3
IDFM:C01311,Bus,378,3
IDFM:C02239,Bus,6246,3
IDFM:C02219,Bus,6252,3
IDFM:C02184,Bus,6254,3
IDFM:C01873,Bus,6251,3
IDFM:C01872,Bus,6243,3
IDFM:C01868,Bus,6240,3
IDFM:C01772,Bus,6230,3
IDFM:C01484,Bus,6231,3
IDFM:C01482,Bus,6227,3
IDFM:C00701,Bus,6210,3
IDFM:C01281,Bus,318,3
IDFM:C00700,Bus,6209,3
IDFM:C00699,Bus,6208,3
IDFM:C00698,Bus,6207,3
IDFM:C00697,Bus,6206,3
IDFM:C00696,Bus,6205,3
IDFM:C00695,Bus,6204,3
IDFM:C01086,Bus,43,3
IDFM:C00694,Bus,6203,3
IDFM:C01309,Bus,370,3
IDFM:C01084,Bus,39,3
IDFM:C00693,Bus,6202,3
IDFM:C01286,Bus,322,3
IDFM:C01308,Bus,368,3
IDFM:C00692,Bus,6201,3
IDFM:C00425,Bus,6241,3
IDFM:C01287,Bus,323,3
IDFM:C00408,Bus,6211,3
IDFM:C00113,Bus,6217,3
IDFM:C02663,Bus,4536,3
IDFM:C02661,Bus,Soir,3
IDFM:C02461,Bus,4524,3
IDFM:C02397,Bus,4520,3
IDFM:C01810,Bus,9118,3
IDFM:C01663,Bus,4502,3
IDFM:C01565,Bus,4504,3
IDFM:C01498,Bus,4533,3
IDFM:C01497,Bus,4534,3
IDFM:C01495,Bus,4531,3
IDFM:C01306,Bus,366,3
IDFM:C00691,Bus,4503,3
IDFM:C01305,Bus,361,3
IDFM:C00689,Bus,9115,3
IDFM:C01085,Bus,42,3
IDFM:C00684,Bus,4522,3
IDFM:C00683,Bus,4521,3
IDFM:C00679,Bus,4542,3
IDFM:C00670,Bus,4518,3
IDFM:C00666,Bus,4505,3
IDFM:C01304,Bus,360,3
IDFM:C00664,Bus,4523,3
IDFM:C00663,Bus,4541,3
IDFM:C01303,Bus,356,3
IDFM:C01289,Bus,330,3
IDFM:C01294,Bus,341,3
IDFM:C00662,Bus,4540,3
IDFM:C00103,Bus,4510,3
IDFM:C00090,Bus,4501,3
IDFM:C00089,Bus,4514,3
IDFM:C00087,Bus,4512,3
IDFM:C00086,Bus,4511,3
IDFM:C01295,Bus,346,3
IDFM:C01298,Bus,350,3
IDFM:C01299,Bus,351,3
IDFM:C02668,Bus,N72,3
IDFM:C01288,Bus,325,3
IDFM:C01200,Bus,179,3
IDFM:C00627,Bus,2223,3
IDFM:C01186,Bus,164,3
IDFM:C00533,Bus,5340,3
IDFM:C01313,Bus,385,3
IDFM:C01316,Bus,390,3
IDFM:C01271,Bus,299,3
IDFM:C01184,Bus,162,3
IDFM:C01735,Bus,1305,3
IDFM:C01270,Bus,297,3
IDFM:C01268,Bus,294,3
IDFM:C00633,Bus,2253,3
IDFM:C00634,Bus,2220,3
IDFM:C00480,Bus,CitéVal N,3
IDFM:C00481,Bus,CitéVal S,3
IDFM:C01267,Bus,292,3
IDFM:C01319,Bus,394,3
IDFM:C01320,Bus,395,3
IDFM:C00631,Bus,2292,3
IDFM:C01265,Bus,290,3
IDFM:C02267,Bus,T'bus 3,3
IDFM:C01322,Bus,399,3
IDFM:C01264,Bus,289,3
IDFM:C01423,Bus,1,3
IDFM:C01331,Bus,TILLBUS,3
IDFM:C01576,Bus,604,3
IDFM:C01262,Bus,285,3
IDFM:C01340,Bus,AS,3
IDFM:C01102,Bus,66,3
IDFM:C01254,Bus,272,3
IDFM:C01176,Bus,152,3
IDFM:C01175,Bus,151,3
IDFM:C01198,Bus,177,3
IDFM:C01804,Bus,1515,3
IDFM:C01174,Bus,150,3
IDFM:C01255,Bus,274,3
IDFM:C01130,Bus,101,3
IDFM:C01137,Bus,108,3
IDFM:C01139,Bus,110,3
IDFM:C01140,Bus,111,3
IDFM:C00378,Bus,4117,3
IDFM:C00356,Bus,4118,3
IDFM:C01143,Bus,114,3
IDFM:C00394,Bus,1102,3
IDFM:C01147,Bus,118,3
IDFM:C00629,Bus,2226,3
IDFM:C01473,Bus,2,3
IDFM:C01156,Bus,127,3
IDFM:C01219,Bus,201,3
IDFM:C01274,Bus,303,3
IDFM:C00306,Bus,34,3
IDFM:C02423,Bus,M,3
IDFM:C01208,Bus,187,3
IDFM:C02497,Bus,E,3
IDFM:C02498,Bus,Y,3
IDFM:C02499,Bus,Z,3
IDFM:C01635,Bus,N151,3
IDFM:C01218,Bus,199,3
IDFM:C01217,Bus,197,3
IDFM:C01216,Bus,196,3
IDFM:C01215,Bus,195,3
IDFM:C02016,Bus,2231,3
IDFM:C01214,Bus,194,3
IDFM:C01710,Bus,487,3
IDFM:C01123,Bus,92,3
IDFM:C01213,Bus,192,3
IDFM:C02673,Bus,2254,3
IDFM:C01212,Bus,191,3
IDFM:C01211,Bus,190,3
IDFM:C01148,Bus,119,3
IDFM:C01210,Bus,189,3
IDFM:C01152,Bus,123,3
IDFM:C00620,Bus,2251,3
IDFM:C01821,Bus,486,3
IDFM:C01315,Bus,389,3
IDFM:C02399,Bus,4579,3
IDFM:C00420,Bus,6287,3
IDFM:C02528,Tram,T10,0
IDFM:C01141,Bus,112,3
IDFM:C01015,Bus,4343,3
IDFM:C01017,Bus,4346,3
IDFM:C00908,Bus,2310,3
IDFM:C00920,Bus,2418,3
IDFM:C00153,Bus,18s,3
IDFM:C00421,Bus,5201,3
IDFM:C01953,Bus,5249,3
IDFM:C01955,Bus,5379,3
IDFM:C01058,Bus,3139,3
IDFM:C01823,Bus,Filéo SP,3
IDFM:C01779,Bus,2171,3
IDFM:C00625,Bus,2221,3
IDFM:C00486,Bus,1521,3
IDFM:C00232,Bus,R5,3
IDFM:C00235,Bus,R110,3
IDFM:C00236,Bus,R111,3
IDFM:C00237,Bus,R112,3
IDFM:C00238,Bus,R113,3
IDFM:C00241,Bus,R106,3
IDFM:C00226,Bus,R117,3
IDFM:C00264,Bus,9501,3
IDFM:C00877,Bus,3607,3
IDFM:C00223,Bus,EX 93,3
IDFM:C01602,Bus,5420,3
IDFM:C00891,Bus,3611,3
IDFM:C01033,Bus,5435,3
IDFM:C00209,Bus,32,3
IDFM:C00760,Bus,5491,3
IDFM:C00609,Bus,22,3
IDFM:C00758,Bus,5489,3
IDFM:C00610,Bus,23,3
IDFM:C01802,Bus,1516,3
IDFM:C00613,Bus,24 S,3
IDFM:C00615,Bus,35,3
IDFM:C01712,Bus,Filéo SF,3
IDFM:C01815,Bus,32 ZA,3
IDFM:C01511,Bus,3315,3
IDFM:C01442,Bus,3307,3
IDFM:C01441,Bus,3306,3
IDFM:C01439,Bus,3305,3
IDFM:C00892,Bus,3651,3
IDFM:C01438,Bus,3310,3
IDFM:C00893,Bus,3652,3
IDFM:C02059,Bus,27,3
IDFM:C02165,Bus,11.5,3
IDFM:C02601,Bus,R121,3
IDFM:C00485,Bus,1520,3
IDFM:C00201,Bus,2119,3
IDFM:C00203,Bus,2122,3
IDFM:C00221,Bus,2127,3
IDFM:C00225,Bus,2176,3
IDFM:C02721,Bus,3418,3
IDFM:C02687,Bus,3417,3
IDFM:C02612,Bus,3452,3
IDFM:C00465,Bus,1519,3
IDFM:C00247,Bus,2103,3
IDFM:C02290,Bus,3426,3
IDFM:C02289,Bus,3427,3
IDFM:C02287,Bus,3425,3
IDFM:C02279,Bus,3423,3
IDFM:C02278,Bus,3420,3
IDFM:C02202,Bus,3411,3
IDFM:C00250,Bus,2107,3
IDFM:C00251,Bus,2108,3
IDFM:C00252,Bus,2109,3
IDFM:C00254,Bus,2111,3
IDFM:C00260,Bus,2163,3
IDFM:C00658,Bus,2130,3
IDFM:C00660,Bus,2169,3
IDFM:C01777,Bus,2168,3
IDFM:C02692,Bus,2150,3
IDFM:C02693,Bus,2151,3
IDFM:C02694,Bus,2152,3
IDFM:C02695,Bus,2153,3
IDFM:C02696,Bus,2154,3
IDFM:C02697,Bus,2155,3
IDFM:C02698,Bus,2156,3
IDFM:C02699,Bus,2158,3
IDFM:C02700,Bus,2159,3
IDFM:C01448,Bus,3430,3
IDFM:C02701,Bus,2160,3
IDFM:C02702,Bus,2161,3
IDFM:C02703,Bus,2162,3
IDFM:C02708,Bus,2157,3
IDFM:C01452,Bus,3240,3
IDFM:C01453,Bus,3241,3
IDFM:C01454,Bus,3243,3
IDFM:C01455,Bus,3244,3
IDFM:C01447,Bus,3436,3
IDFM:C01457,Bus,3242,3
IDFM:C01459,Bus,3256,3
IDFM:C01461,Bus,3250,3
IDFM:C01462,Bus,3257,3
IDFM:C01463,Bus,3258,3
IDFM:C01467,Bus,3252,3
IDFM:C01468,Bus,3253,3
IDFM:C01469,Bus,3260,3
IDFM:C01445,Bus,3434,3
IDFM:C02272,Bus,3661,3
IDFM:C00632,Bus,2234,3
IDFM:C01501,Bus,3251,3
IDFM:C01502,Bus,3262,3
IDFM:C01503,Bus,3215,3
IDFM:C01504,Bus,3261,3
IDFM:C01506,Bus,3218,3
IDFM:C01507,Bus,3211,3
IDFM:C01512,Bus,3249,3
IDFM:C01513,Bus,3246,3
IDFM:C01518,Bus,3207,3
IDFM:C01011,Bus,3455,3
IDFM:C01724,Bus,3210,3
IDFM:C01725,Bus,3217,3
IDFM:C01008,Bus,3458,3
IDFM:C01003,Bus,3453,3
IDFM:C02273,Bus,3662,3
IDFM:C01726,Bus,3259,3
IDFM:C02056,Bus,3245,3
IDFM:C02432,Bus,3254,3
IDFM:C02433,Bus,3255,3
IDFM:C02435,Bus,3247,3
IDFM:C02436,Bus,3248,3
IDFM:C01002,Bus,3451,3
IDFM:C00820,Bus,3530,3
IDFM:C00818,Bus,3431,3
IDFM:C00817,Bus,3432,3
IDFM:C02274,Bus,3663,3
IDFM:C02275,Bus,3664,3
IDFM:C00821,Bus,3534,3
IDFM:C00822,Bus,3540,3
IDFM:C00823,Bus,3543,3
IDFM:C00813,Bus,3443,3
IDFM:C00824,Bus,3510,3
IDFM:C02276,Bus,3631,3
IDFM:C00826,Bus,3515,3
IDFM:C00830,Bus,3536,3
IDFM:C00831,Bus,3544,3
IDFM:C00832,Bus,3501,3
IDFM:C02280,Bus,3666,3
IDFM:C01004,Bus,3550,3
IDFM:C01005,Bus,3556,3
IDFM:C00797,Bus,3412,3
IDFM:C01006,Bus,3557,3
IDFM:C01958,Bus,3531,3
IDFM:C01959,Bus,3532,3
IDFM:C01960,Bus,3533,3
IDFM:C01961,Bus,3535,3
IDFM:C01962,Bus,3541,3
IDFM:C01963,Bus,3506,3
IDFM:C01964,Bus,3542,3
IDFM:C01965,Bus,3511,3
IDFM:C01966,Bus,3512,3
IDFM:C01967,Bus,3513,3
IDFM:C01969,Bus,3516,3
IDFM:C01970,Bus,3517,3
IDFM:C01973,Bus,3537,3
IDFM:C01974,Bus,3546,3
IDFM:C02031,Bus,3514,3
IDFM:C02610,Bus,3559,3
IDFM:C00792,Bus,3445,3
IDFM:C00790,Bus,3442,3
IDFM:C00789,Bus,3441,3
IDFM:C00446,Bus,1518,3
IDFM:C00623,Bus,2291,3
IDFM:C02621,Bus,3142,3
IDFM:C02620,Bus,3141,3
IDFM:C02619,Bus,3108,3
IDFM:C02520,Bus,3116,3
IDFM:C02128,Bus,3138,3
IDFM:C02127,Bus,3136,3
IDFM:C02126,Bus,3135,3
IDFM:C02125,Bus,3131,3
IDFM:C02124,Bus,3148,3
IDFM:C02121,Bus,3130,3
IDFM:C02120,Bus,3126,3
IDFM:C02109,Bus,3143,3
IDFM:C02108,Bus,3140,3
IDFM:C00315,Bus,1514,3
IDFM:C02283,Bus,3657,3
IDFM:C02091,Bus,3125,3
IDFM:C02284,Bus,3658,3
IDFM:C02090,Bus,3122,3
IDFM:C02089,Bus,3128,3
IDFM:C02088,Bus,3129,3
IDFM:C02293,Bus,3660,3
IDFM:C01052,Bus,3132,3
IDFM:C01045,Bus,3124,3
IDFM:C01044,Bus,3120,3
IDFM:C00803,Bus,3106,3
IDFM:C00886,Bus,3656,3
IDFM:C00597,Bus,449,3
IDFM:C02111,Bus,443,3
IDFM:C02112,Bus,444,3
IDFM:C02426,Bus,441,3
IDFM:C02427,Bus,442,3
IDFM:C02428,Bus,446,3
IDFM:C02429,Bus,447,3
IDFM:C02430,Bus,448,3
IDFM:C02728,Bus,3772,3
IDFM:C02727,Bus,3777,3
IDFM:C02726,Bus,3771,3
IDFM:C00026,Bus,3147,3
IDFM:C00025,Bus,3146,3
IDFM:C00024,Bus,3109,3
IDFM:C00020,Bus,3115,3
IDFM:C00019,Bus,3123,3
IDFM:C00016,Bus,3114,3
IDFM:C01310,Bus,372,3
IDFM:C00014,Bus,3110,3
IDFM:C00012,Bus,3107,3
IDFM:C00011,Bus,3105,3
IDFM:C00010,Bus,3104,3
IDFM:C00009,Bus,3103,3
IDFM:C01307,Bus,367,3
IDFM:C02194,Bus,3776,3
IDFM:C02191,Bus,3778,3
IDFM:C01302,Bus,355,3
IDFM:C00083,Bus,4553,3
IDFM:C00667,Bus,4516,3
IDFM:C00871,Bus,3733,3
IDFM:C00681,Bus,4538,3
IDFM:C00964,Bus,4582,3
IDFM:C00971,Bus,4570,3
IDFM:C00972,Bus,4555,3
IDFM:C01673,Bus,4583,3
IDFM:C01703,Bus,4571,3
IDFM:C01704,Bus,4572,3
IDFM:C01705,Bus,4573,3
IDFM:C01706,Bus,4574,3
IDFM:C01763,Bus,4554,3
IDFM:C01950,Bus,4532,3
IDFM:C02039,Bus,4580,3
IDFM:C02065,Bus,4581,3
IDFM:C02398,Bus,4577,3
IDFM:C02682,Bus,4584,3
IDFM:C00122,Bus,6283,3
IDFM:C00327,Bus,6281,3
IDFM:C00328,Bus,6282,3
IDFM:C00868,Bus,3732,3
IDFM:C02175,Bus,5187,3
IDFM:C02174,Bus,5186,3
IDFM:C02173,Bus,5185,3
IDFM:C02172,Bus,5184,3
IDFM:C02171,Bus,5183,3
IDFM:C01793,Bus,5198,3
IDFM:C01668,Bus,5197,3
IDFM:C01282,Bus,319,3
IDFM:C00704,Bus,6213,3
IDFM:C00709,Bus,6285,3
IDFM:C00710,Bus,6286,3
IDFM:C01489,Bus,6216,3
IDFM:C01493,Bus,6280,3
IDFM:C01934,Bus,6284,3
IDFM:C02183,Bus,6253,3
IDFM:C02482,Bus,6288,3
IDFM:C00061,Bus,5116,3
IDFM:C00151,Bus,7816,3
IDFM:C01369,Bus,595,3
IDFM:C00497,Bus,5146,3
IDFM:C01543,Bus,7805,3
IDFM:C02637,Bus,5234,3
IDFM:C00054,Bus,5332,3
IDFM:C00057,Bus,5209,3
IDFM:C00060,Bus,5213,3
IDFM:C00062,Bus,7806,3
IDFM:C00064,Bus,5367,3
IDFM:C00571,Bus,5199,3
IDFM:C00545,Bus,5140,3
IDFM:C00112,Bus,5314,3
IDFM:C00119,Bus,5341,3
IDFM:C00124,Bus,5270,3
IDFM:C00125,Bus,5271,3
IDFM:C00126,Bus,5299,3
IDFM:C00137,Bus,5211,3
IDFM:C00138,Bus,5212,3
IDFM:C00163,Bus,5311,3
IDFM:C00164,Bus,5233,3
IDFM:C00165,Bus,5334,3
IDFM:C00166,Bus,5325,3
IDFM:C00543,Bus,5196,3
IDFM:C00542,Bus,5195,3
IDFM:C00541,Bus,5194,3
IDFM:C00540,Bus,5193,3
IDFM:C00168,Bus,5208,3
IDFM:C00539,Bus,5192,3
IDFM:C00538,Bus,5191,3
IDFM:C00537,Bus,5190,3
IDFM:C00536,Bus,5189,3
IDFM:C00535,Bus,5188,3
IDFM:C00172,Bus,5215,3
IDFM:C00173,Bus,5318,3
IDFM:C00175,Bus,5320,3
IDFM:C00177,Bus,5224,3
IDFM:C00178,Bus,5225,3
IDFM:C00179,Bus,5226,3
IDFM:C00180,Bus,5269,3
IDFM:C00181,Bus,5230,3
IDFM:C00630,Bus,2229,3
IDFM:C00307,Bus,1537,3
IDFM:C00279,Bus,5295,3
IDFM:C00414,Bus,5214,3
IDFM:C00422,Bus,5219,3
IDFM:C00423,Bus,5206,3
IDFM:C00424,Bus,5289,3
IDFM:C00488,Bus,5232,3
IDFM:C00489,Bus,5313,3
IDFM:C00494,Bus,5252,3
IDFM:C00498,Bus,5363,3
IDFM:C00862,Bus,3704,3
IDFM:C00502,Bus,5359,3
IDFM:C00504,Bus,5337,3
IDFM:C00505,Bus,5282,3
IDFM:C00506,Bus,5283,3
IDFM:C00507,Bus,5284,3
IDFM:C00508,Bus,5285,3
IDFM:C00509,Bus,5286,3
IDFM:C00510,Bus,5287,3
IDFM:C00511,Bus,5291,3
IDFM:C00512,Bus,5292,3
IDFM:C00513,Bus,5293,3
IDFM:C00514,Bus,5294,3
IDFM:C00515,Bus,5279,3
IDFM:C00516,Bus,5242,3
IDFM:C00517,Bus,5281,3
IDFM:C00518,Bus,5330,3
IDFM:C00519,Bus,5290,3
IDFM:C00522,Bus,5227,3
IDFM:C00523,Bus,5228,3
IDFM:C00524,Bus,5236,3
IDFM:C00531,Bus,5278,3
IDFM:C01718,Bus,5253,3
IDFM:C01719,Bus,5267,3
IDFM:C01720,Bus,5277,3
IDFM:C01874,Bus,5288,3
IDFM:C01951,Bus,7812,3
IDFM:C01952,Bus,5349,3
IDFM:C01954,Bus,5259,3
IDFM:C01957,Bus,5216,3
IDFM:C01980,Bus,5221,3
IDFM:C01981,Bus,5342,3
IDFM:C01982,Bus,5231,3
IDFM:C01983,Bus,5235,3
IDFM:C01984,Bus,5338,3
IDFM:C01985,Bus,5240,3
IDFM:C01986,Bus,5241,3
IDFM:C01987,Bus,5245,3
IDFM:C01988,Bus,5348,3
IDFM:C01989,Bus,5251,3
IDFM:C01991,Bus,5298,3
IDFM:C01992,Bus,5317,3
IDFM:C02443,Bus,5237,3
IDFM:C02444,Bus,5328,3
IDFM:C02446,Bus,5371,3
IDFM:C02640,Bus,Soir,3
IDFM:C02741,Bus,5297,3
IDFM:C02742,Bus,5296,3
IDFM:C00380,Bus,4277,3
IDFM:C02401,Bus,2485,3
IDFM:C02400,Bus,2484,3
IDFM:C00387,Bus,4274,3
IDFM:C02318,Bus,2470,3
IDFM:C02207,Bus,2475,3
IDFM:C02195,Bus,2480,3
IDFM:C02160,Bus,2482,3
IDFM:C00860,Bus,3774,3
IDFM:C02118,Bus,2459,3
IDFM:C02117,Bus,2458,3
IDFM:C02116,Bus,2457,3
IDFM:C02098,Bus,2455,3
IDFM:C02097,Bus,2454,3
IDFM:C02096,Bus,2453,3
IDFM:C02095,Bus,2452,3
IDFM:C02094,Bus,2451,3
IDFM:C02093,Bus,2450,3
IDFM:C02078,Bus,2472,3
IDFM:C00669,Bus,4280,3
IDFM:C00986,Bus,4271,3
IDFM:C02074,Bus,2462,3
IDFM:C02073,Bus,2461,3
IDFM:C02071,Bus,2456,3
IDFM:C02070,Bus,2411,3
IDFM:C00989,Bus,4275,3
IDFM:C00990,Bus,4276,3
IDFM:C01716,Bus,2471,3
IDFM:C01715,Bus,2416,3
IDFM:C01062,Bus,7701,3
IDFM:C01060,Bus,2425,3
IDFM:C01049,Bus,2466,3
IDFM:C01048,Bus,2465,3
IDFM:C01047,Bus,2464,3
IDFM:C01046,Bus,2463,3
IDFM:C01040,Bus,2460,3
IDFM:C00952,Bus,2476,3
IDFM:C00951,Bus,2474,3
IDFM:C00942,Bus,2492,3
IDFM:C00941,Bus,2406,3
IDFM:C01624,Bus,4244,3
IDFM:C00926,Bus,2422,3
IDFM:C01626,Bus,4213,3
IDFM:C00925,Bus,2483,3
IDFM:C00924,Bus,2404,3
IDFM:C00923,Bus,2421,3
IDFM:C00921,Bus,2481,3
IDFM:C00913,Bus,2491,3
IDFM:C00910,Bus,2490,3
IDFM:C00907,Bus,2414,3
IDFM:C00906,Bus,2413,3
IDFM:C00905,Bus,2412,3
IDFM:C01629,Bus,4218,3
IDFM:C02680,Bus,2343,3
IDFM:C02676,Bus,2376,3
IDFM:C02618,Bus,2327,3
IDFM:C02390,Bus,4272,3
IDFM:C02252,Bus,2331,3
IDFM:C02237,Bus,2325,3
IDFM:C02236,Bus,2305,3
IDFM:C00305,Bus,1533,3
IDFM:C02235,Bus,2324,3
IDFM:C02233,Bus,2348,3
IDFM:C02232,Bus,2333,3
IDFM:C02231,Bus,2332,3
IDFM:C02230,Bus,2326,3
IDFM:C02229,Bus,2349,3
IDFM:C01995,Bus,2375,3
IDFM:C02737,Bus,4270,3
IDFM:C02738,Bus,4278,3
IDFM:C02739,Bus,4279,3
IDFM:C01994,Bus,2351,3
IDFM:C00217,Bus,1346,3
IDFM:C00218,Bus,1347,3
IDFM:C00219,Bus,1348,3
IDFM:C00436,Bus,1353,3
IDFM:C00456,Bus,1351,3
IDFM:C00462,Bus,1316,3
IDFM:C00603,Bus,1304,3
IDFM:C00607,Bus,1309,3
IDFM:C02033,Bus,1349,3
IDFM:C02167,Bus,1352,3
IDFM:C02168,Bus,1354,3
IDFM:C00304,Bus,1511,3
IDFM:C00773,Bus,1237,3
IDFM:C00784,Bus,1241,3
IDFM:C02225,Bus,1255,3
IDFM:C02705,Bus,1257,3
IDFM:C00946,Bus,2361,3
IDFM:C00756,Bus,5490,3
IDFM:C00939,Bus,2354,3
IDFM:C00938,Bus,2353,3
IDFM:C00937,Bus,2352,3
IDFM:C00935,Bus,2350,3
IDFM:C00930,Bus,2346,3
IDFM:C00929,Bus,2342,3
IDFM:C00928,Bus,2341,3
IDFM:C00752,Bus,5470,3
IDFM:C00927,Bus,2340,3
IDFM:C00917,Bus,2322,3
IDFM:C00451,Bus,30-22,3
IDFM:C00751,Bus,5469,3
IDFM:C00452,Bus,30-23,3
IDFM:C00916,Bus,2321,3
IDFM:C00455,Bus,30-28,3
IDFM:C00458,Bus,30-31,3
IDFM:C00459,Bus,30-32,3
IDFM:C00460,Bus,30-33,3
IDFM:C00461,Bus,30-34,3
IDFM:C00463,Bus,30-37,3
IDFM:C00748,Bus,5451,3
IDFM:C00478,Bus,95-26,3
IDFM:C00487,Bus,3804,3
IDFM:C00744,Bus,5482,3
IDFM:C00741,Bus,5486,3
IDFM:C00901,Bus,2374,3
IDFM:C00740,Bus,5422,3
IDFM:C00899,Bus,2335,3
IDFM:C00738,Bus,5480,3
IDFM:C02462,Bus,1517,3
IDFM:C00262,Bus,2377,3
IDFM:C00737,Bus,5479,3
IDFM:C00736,Bus,5478,3
IDFM:C02472,Bus,4414,3
IDFM:C02470,Bus,4411,3
IDFM:C02453,Bus,4455,3
IDFM:C02452,Bus,4454,3
IDFM:C02451,Bus,4453,3
IDFM:C02450,Bus,4452,3
IDFM:C02449,Bus,4451,3
IDFM:C00735,Bus,5447,3
IDFM:C02431,Bus,4404,3
IDFM:C02297,Bus,4458,3
IDFM:C02296,Bus,4456,3
IDFM:C02271,Bus,4435,3
IDFM:C02270,Bus,4434,3
IDFM:C02186,Bus,4463,3
IDFM:C02185,Bus,4462,3
IDFM:C00028,Bus,501,3
IDFM:C02068,Bus,4418,3
IDFM:C00029,Bus,502,3
IDFM:C02067,Bus,4417,3
IDFM:C02066,Bus,4416,3
IDFM:C00030,Bus,E,3
IDFM:C02057,Bus,4406,3
IDFM:C01978,Bus,4433,3
IDFM:C01977,Bus,4432,3
IDFM:C00734,Bus,5476,3
IDFM:C01976,Bus,4431,3
IDFM:C01975,Bus,4430,3
IDFM:C01708,Bus,4436,3
IDFM:C01568,Bus,4457,3
IDFM:C00302,Bus,1513,3
IDFM:C00032,Bus,D,3
IDFM:C00984,Bus,4409,3
IDFM:C00983,Bus,4405,3
IDFM:C00982,Bus,4403,3
IDFM:C00979,Bus,4410,3
IDFM:C00978,Bus,4408,3
IDFM:C00977,Bus,4407,3
IDFM:C00976,Bus,4402,3
IDFM:C00975,Bus,4401,3
IDFM:C00974,Bus,4412,3
IDFM:C00973,Bus,4459,3
IDFM:C00970,Bus,4440,3
IDFM:C00969,Bus,4438,3
IDFM:C00967,Bus,4439,3
IDFM:C00176,Bus,4450,3
IDFM:C00167,Bus,4461,3
IDFM:C00097,Bus,4442,3
IDFM:C00082,Bus,4437,3
IDFM:C02478,Bus,6185,3
IDFM:C01693,Bus,6182,3
IDFM:C01692,Bus,6181,3
IDFM:C01691,Bus,6180,3
IDFM:C01690,Bus,6179,3
IDFM:C01689,Bus,6184,3
IDFM:C01688,Bus,6177,3
IDFM:C00708,Bus,6174,3
IDFM:C00707,Bus,6173,3
IDFM:C00706,Bus,6172,3
IDFM:C00705,Bus,6171,3
IDFM:C00527,Bus,6183,3
IDFM:C00525,Bus,6176,3
IDFM:C00301,Bus,1512,3
IDFM:C00040,Bus,6178,3
IDFM:C00039,Bus,6175,3
IDFM:C01426,Bus,2,3
IDFM:C02821,Bus,TàD 4306,3
IDFM:C02820,Bus,TàD 4318,3
IDFM:C02797,Bus,TàD 4308,3
IDFM:C02609,Bus,4349,3
IDFM:C02608,Bus,4348,3
IDFM:C02607,Bus,4347,3
IDFM:C02599,Bus,4318,3
IDFM:C02496,Bus,TàD 4301,3
IDFM:C02495,Bus,TàD 4305,3
IDFM:C02486,Bus,Soir,3
IDFM:C02393,Bus,4345,3
IDFM:C02387,Bus,4332,3
IDFM:C02221,Bus,4309,3
IDFM:C01548,Bus,701,3
IDFM:C02220,Bus,Soir,3
IDFM:C02026,Bus,4331,3
IDFM:C02025,Bus,4330,3
IDFM:C02024,Bus,4329,3
IDFM:C02023,Bus,4328,3
IDFM:C02022,Bus,4327,3
IDFM:C02021,Bus,4308,3
IDFM:C02020,Bus,4307,3
IDFM:C01812,Bus,4316,3
IDFM:C01811,Bus,4306,3
IDFM:C01765,Bus,4322,3
IDFM:C01764,Bus,4321,3
IDFM:C01016,Bus,4344,3
IDFM:C01014,Bus,4342,3
IDFM:C01013,Bus,4341,3
IDFM:C00391,Bus,4334,3
IDFM:C00382,Bus,4340,3
IDFM:C00322,Bus,4303,3
IDFM:C00319,Bus,4301,3
IDFM:C00104,Bus,4326,3
IDFM:C00102,Bus,4325,3
IDFM:C00101,Bus,4324,3
IDFM:C00100,Bus,4323,3
IDFM:C00092,Bus,4305,3
IDFM:C02769,Bus,Soir,3
IDFM:C02104,Bus,4156,3
IDFM:C02103,Bus,4155,3
IDFM:C01570,Bus,4122,3
IDFM:C02463,Bus,1527,3
IDFM:C00601,Bus,4153,3
IDFM:C00600,Bus,4152,3
IDFM:C00592,Bus,4110,3
IDFM:C00589,Bus,4154,3
IDFM:C00842,Bus,3775,3
IDFM:C00299,Bus,1510,3
IDFM:C00840,Bus,3779,3
IDFM:C01595,Bus,644,3
IDFM:C01258,Bus,278,3
IDFM:C01257,Bus,276,3
IDFM:C02130,Bus,3s,3
IDFM:C02131,Bus,6,3
IDFM:C00379,Bus,4121,3
IDFM:C02132,Bus,9s,3
IDFM:C02135,Bus,7s,3
IDFM:C02138,Bus,4s,3
IDFM:C02139,Bus,8s,3
IDFM:C02240,Bus,500,3
IDFM:C00374,Bus,4151,3
IDFM:C00366,Bus,4161,3
IDFM:C00365,Bus,4160,3
IDFM:C00880,Bus,3603,3
IDFM:C00364,Bus,4159,3
IDFM:C00363,Bus,4150,3
IDFM:C02672,Bus,2284,3
IDFM:C02671,Bus,2283,3
IDFM:C02670,Bus,2282,3
IDFM:C02669,Bus,2281,3
IDFM:C02455,Bus,2280,3
IDFM:C02852,Bus,1119,3
IDFM:C02830,Bus,9514,3
IDFM:C01658,Bus,415,3
IDFM:C01657,Bus,418,3
IDFM:C00339,Bus,401,3
IDFM:C02818,Bus,4652,3
IDFM:C02817,Bus,4654,3
IDFM:C02816,Bus,4670,3
IDFM:C02815,Bus,4672,3
IDFM:C02814,Bus,4674,3
IDFM:C02813,Bus,4673,3
IDFM:C02812,Bus,4671,3
IDFM:C02811,Bus,4666,3
IDFM:C02810,Bus,4665,3
IDFM:C02809,Bus,4627,3
IDFM:C02493,Bus,TAD,3
IDFM:C02396,Bus,4651,3
IDFM:C02382,Bus,4662,3
IDFM:C02355,Bus,4618,3
IDFM:C02316,Bus,4626,3
IDFM:C02224,Bus,4659,3
IDFM:C02155,Bus,4615,3
IDFM:C01195,Bus,174,3
IDFM:C00911,Bus,2264,3
IDFM:C01766,Bus,4636,3
IDFM:C01711,Bus,4642,3
IDFM:C01699,Bus,4622,3
IDFM:C01698,Bus,4621,3
IDFM:C00879,Bus,3602,3
IDFM:C01697,Bus,4602,3
IDFM:C02414,Bus,1118,3
IDFM:C02413,Bus,1143,3
IDFM:C00636,Bus,2244,3
IDFM:C01654,Bus,4664,3
IDFM:C01653,Bus,4663,3
IDFM:C01651,Bus,4661,3
IDFM:C01569,Bus,9108,3
IDFM:C01567,Bus,4606,3
IDFM:C00814,Bus,3665,3
IDFM:C01566,Bus,9105,3
IDFM:C01561,Bus,4609,3
IDFM:C00687,Bus,4644,3
IDFM:C00680,Bus,4617,3
IDFM:C00676,Bus,4613,3
IDFM:C01791,Bus,1136,3
IDFM:C01790,Bus,1135,3
IDFM:C01789,Bus,1134,3
IDFM:C01788,Bus,1133,3
IDFM:C00675,Bus,4641,3
IDFM:C02459,Bus,382,3
IDFM:C00674,Bus,4643,3
IDFM:C00673,Bus,4650,3
IDFM:C00520,Bus,4653,3
IDFM:C00503,Bus,4612,3
IDFM:C00495,Bus,4611,3
IDFM:C01787,Bus,1132,3
IDFM:C00490,Bus,4610,3
IDFM:C00093,Bus,4634,3
IDFM:C00079,Bus,4619,3
IDFM:C00139,Bus,1114,3
IDFM:C00078,Bus,4616,3
IDFM:C00076,Bus,4655,3
IDFM:C00075,Bus,4614,3
IDFM:C00074,Bus,4601,3
IDFM:C00073,Bus,4608,3
IDFM:C00072,Bus,4607,3
IDFM:C00070,Bus,4605,3
IDFM:C01560,Bus,1142,3
IDFM:C01559,Bus,1141,3
IDFM:C01558,Bus,1140,3
IDFM:C01557,Bus,1139,3
IDFM:C00069,Bus,4604,3
IDFM:C00141,Bus,1130,3
IDFM:C01556,Bus,1138,3
IDFM:C00142,Bus,1131,3
IDFM:C00068,Bus,4603,3
IDFM:C01230,Bus,216,3
IDFM:C01073,Bus,21,3
IDFM:C01555,Bus,1137,3
IDFM:C01553,Bus,1111,3
IDFM:C00066,Bus,4660,3
IDFM:C00046,Bus,9160,3
IDFM:C02686,Bus,63,3
IDFM:C02685,Bus,62,3
IDFM:C02684,Bus,61,3
IDFM:C02683,Bus,60,3
IDFM:C02361,Bus,57,3
IDFM:C02360,Bus,56,3
IDFM:C02264,Bus,20,3
IDFM:C02153,Bus,S2,3
IDFM:C02151,Bus,S5,3
IDFM:C02148,Bus,S1,3
IDFM:C02147,Bus,S7,3
IDFM:C02146,Bus,S4,3
IDFM:C02145,Bus,S3,3
IDFM:C01775,Bus,S6,3
IDFM:C01492,Bus,40,3
IDFM:C01491,Bus,37,3
IDFM:C02744,Bus,277,3
IDFM:C01476,Bus,6,3
IDFM:C00878,Bus,3608,3
IDFM:C00107,Bus,6522,3
IDFM:C00110,Bus,6573,3
IDFM:C01135,Bus,106,3
IDFM:C00116,Bus,6533,3
IDFM:C00336,Bus,M,3
IDFM:C00128,Bus,6560,3
IDFM:C00129,Bus,6561,3
IDFM:C00130,Bus,6562,3
IDFM:C00275,Bus,6570,3
IDFM:C00334,Bus,K,3
IDFM:C00285,Bus,6536,3
IDFM:C00454,Bus,6576,3
IDFM:C00325,Bus,12,3
IDFM:C00324,Bus,1,3
IDFM:C00643,Bus,6571,3
IDFM:C00651,Bus,6518,3
IDFM:C00311,Bus,503,3
IDFM:C00310,Bus,502,3
IDFM:C00309,Bus,501,3
IDFM:C00876,Bus,3609,3
IDFM:C02222,Bus,6563,3
IDFM:C02441,Bus,6523,3
IDFM:C02539,Bus,6524,3
IDFM:C02547,Bus,6551,3
IDFM:C02548,Bus,6552,3
IDFM:C02549,Bus,6553,3
IDFM:C02550,Bus,6554,3
IDFM:C02551,Bus,6555,3
IDFM:C02552,Bus,6556,3
IDFM:C02553,Bus,6557,3
IDFM:C02554,Bus,6558,3
IDFM:C02555,Bus,6559,3
IDFM:C02556,Bus,6564,3
IDFM:C02557,Bus,6565,3
IDFM:C02558,Bus,6566,3
IDFM:C02559,Bus,6567,3
IDFM:C02560,Bus,6568,3
IDFM:C02561,Bus,6569,3
IDFM:C02562,Bus,6572,3
IDFM:C02563,Bus,6574,3
IDFM:C02564,Bus,6575,3
IDFM:C02807,Bus,5463,3
IDFM:C02799,Bus,6550,3
IDFM:C02800,Bus,6577,3
IDFM:C02801,Bus,6578,3
IDFM:C02802,Bus,6579,3
IDFM:C02803,Bus,6580,3
IDFM:C02804,Bus,6581,3
IDFM:C02805,Bus,6582,3
IDFM:C00109,Bus,5445,3
IDFM:C00118,Bus,5484,3
IDFM:C00121,Bus,5443,3
IDFM:C00725,Bus,5421,3
IDFM:C02161,Bus,5431,3
IDFM:C00727,Bus,5465,3
IDFM:C01979,Bus,5426,3
IDFM:C00728,Bus,5424,3
IDFM:C00730,Bus,5467,3
IDFM:C01798,Bus,5462,3
IDFM:C01752,Bus,4657,3
IDFM:C02590,Bus,7B,3
IDFM:C02166,Bus,12 ZI,3
IDFM:C01036,Bus,5432,3
IDFM:C02169,Bus,5114,3
IDFM:C01662,Bus,1356,3
IDFM:C00413,Bus,5117,3
IDFM:C00922,Bus,2420,3
IDFM:C01440,Bus,3311,3
IDFM:C00230,Bus,R3,3
IDFM:C00234,Bus,R7,3
IDFM:C02152,Bus,P,3
IDFM:C00206,Bus,30 D,3
IDFM:C00611,Bus,25,3
IDFM:C00616,Bus,36,3
IDFM:C00617,Bus,37,3
IDFM:C02142,Bus,L,3
IDFM:C01356,Bus,RIVER,3
IDFM:C02281,Bus,3632,3
IDFM:C01839,Bus,PORT,3
IDFM:C01822,Bus,17,3
IDFM:C01686,Bus,3308,3
IDFM:C02282,Bus,3613,3
IDFM:C02164,Bus,34,3
IDFM:C02255,Bus,Soir,3
IDFM:C02600,Bus,N146,3
IDFM:C00801,Bus,3633,3
IDFM:C02605,Bus,Soir,3
IDFM:C02829,Bus,1104,3
IDFM:C02720,Bus,3447,3
IDFM:C02596,Bus,Soir,3
IDFM:C02594,Bus,N137,3
IDFM:C02277,Bus,3424,3
IDFM:C02258,Bus,3440,3
IDFM:C02156,Bus,3429,3
IDFM:C00253,Bus,2110,3
IDFM:C00883,Bus,3606,3
IDFM:C01633,Bus,N132,3
IDFM:C02458,Bus,3727,3
IDFM:C01801,Bus,2113,3
IDFM:C02476,Bus,Soir,3
IDFM:C02591,Bus,Soir,3
IDFM:C01043,Bus,3204,3
IDFM:C01446,Bus,3435,3
IDFM:C01508,Bus,3212,3
IDFM:C01510,Bus,3214,3
IDFM:C01012,Bus,3454,3
IDFM:C01164,Bus,138,3
IDFM:C02716,Bus,7825,3
IDFM:C02294,Bus,3216,3
IDFM:C02295,Bus,TàD,3
IDFM:C02366,Bus,3219,3
IDFM:C02581,Bus,TàD,3
IDFM:C02584,Bus,Soir,3
IDFM:C02585,Bus,Soir,3
IDFM:C00828,Bus,3437,3
IDFM:C02248,Bus,7823,3
IDFM:C02162,Bus,5436,3
IDFM:C00827,Bus,3518,3
IDFM:C00796,Bus,3403,3
IDFM:C01971,Bus,3519,3
IDFM:C01613,Bus,5427,3
IDFM:C00791,Bus,3444,3
IDFM:C00788,Bus,3406,3
IDFM:C00787,Bus,3405,3
IDFM:C02524,Bus,TàD 3144,3
IDFM:C02523,Bus,Soir,3
IDFM:C02522,Bus,Soir,3
IDFM:C02521,Bus,TàD,3
IDFM:C02519,Bus,3113,3
IDFM:C02518,Bus,3112,3
IDFM:C02311,Bus,3144,3
IDFM:C02122,Bus,3127,3
IDFM:C02087,Bus,3134,3
IDFM:C01034,Bus,5433,3
IDFM:C00761,Bus,5458,3
IDFM:C00757,Bus,5448,3
IDFM:C00755,Bus,5438,3
IDFM:C01053,Bus,3133,3
IDFM:C00749,Bus,5452,3
IDFM:C00624,Bus,3117,3
IDFM:C02456,Bus,439,3
IDFM:C00288,Bus,5437,3
IDFM:C00355,Bus,4113,3
IDFM:C00120,Bus,5442,3
IDFM:C00108,Bus,5444,3
IDFM:C02798,Bus,6535,3
IDFM:C02626,Bus,Soir,3
IDFM:C02571,Bus,6514,3
IDFM:C00021,Bus,3145,3
IDFM:C00017,Bus,3118,3
IDFM:C00015,Bus,3111,3
IDFM:C02266,Bus,T'bus 2,3
IDFM:C02265,Bus,T'bus 1,3
IDFM:C01587,Bus,619,3
IDFM:C01585,Bus,617,3
IDFM:C01900,Bus,P'TIT BUS,3
IDFM:C02545,Bus,6594,3
IDFM:C02544,Bus,6592,3
IDFM:C02543,Bus,6590,3
IDFM:C02542,Bus,6529,3
IDFM:C02541,Bus,6525,3
IDFM:C02537,Bus,6515,3
IDFM:C00007,Bus,282,3
IDFM:C02536,Bus,6595,3
IDFM:C01485,Bus,459,3
IDFM:C00094,Bus,4515,3
IDFM:C00323,Bus,4530,3
IDFM:C01580,Bus,610,3
IDFM:C00649,Bus,6537,3
IDFM:C00642,Bus,6528,3
IDFM:C00668,Bus,4517,3
IDFM:C00671,Bus,4539,3
IDFM:C00677,Bus,4543,3
IDFM:C00678,Bus,4537,3
IDFM:C00682,Bus,4550,3
IDFM:C01549,Bus,702,3
IDFM:C00688,Bus,4556,3
IDFM:C00962,Bus,4551,3
IDFM:C00963,Bus,4552,3
IDFM:C00214,Bus,43,3
IDFM:C00213,Bus,39,3
IDFM:C00641,Bus,6527,3
IDFM:C02383,Bus,TàD 4596,3
IDFM:C02395,Bus,9114,3
IDFM:C02418,Bus,4535,3
IDFM:C02460,Bus,TàD 4597,3
IDFM:C02466,Bus,TàD 4591,3
IDFM:C02467,Bus,TàD 4592,3
IDFM:C02468,Bus,TàD 4595,3
IDFM:C02662,Bus,4513,3
IDFM:C00189,Bus,1,3
IDFM:C01695,Bus,247,3
IDFM:C00280,Bus,6532,3
IDFM:C00271,Bus,6591,3
IDFM:C01871,Bus,5111,3
IDFM:C00117,Bus,6526,3
IDFM:C00115,Bus,6593,3
IDFM:C01677,Bus,5130,3
IDFM:C00106,Bus,6521,3
IDFM:C01676,Bus,5131,3
IDFM:C01540,Bus,5152,3
IDFM:C01535,Bus,5142,3
IDFM:C01334,Bus,520,3
IDFM:C01533,Bus,5144,3
IDFM:C00042,Bus,6133,3
IDFM:C00043,Bus,6124,3
IDFM:C01415,Bus,N11,3
IDFM:C02076,Bus,6276,3
IDFM:C01416,Bus,N16,3
IDFM:C01347,Bus,V4,3
IDFM:C01349,Bus,564,3
IDFM:C01138,Bus,109,3
IDFM:C01367,Bus,V6,3
IDFM:C00411,Bus,7815,3
IDFM:C00521,Bus,5153,3
IDFM:C01490,Bus,7803,3
IDFM:C01571,Bus,5154,3
IDFM:C01522,Bus,5121,3
IDFM:C00839,Bus,3754,3
IDFM:C00416,Bus,5112,3
IDFM:C00838,Bus,3755,3
IDFM:C00837,Bus,3751,3
IDFM:C00343,Bus,6,3
IDFM:C02616,Bus,12,3
IDFM:C00187,Bus,5333,3
IDFM:C02269,Bus,A14,3
IDFM:C00410,Bus,5324,3
IDFM:C01646,Bus,N161,3
IDFM:C00052,Bus,6122,3
IDFM:C01990,Bus,5355,3
IDFM:C02313,Bus,5310,3
IDFM:C02448,Bus,5343,3
IDFM:C02481,Bus,5322,3
IDFM:C00530,Bus,6163,3
IDFM:C00702,Bus,6135,3
IDFM:C02642,Bus,7817,3
IDFM:C00703,Bus,6136,3
IDFM:C01687,Bus,6131,3
IDFM:C02291,Bus,TàD 2429,3
IDFM:C02077,Bus,2419,3
IDFM:C02072,Bus,2415,3
IDFM:C01615,Bus,4221,3
IDFM:C01993,Bus,2427,3
IDFM:C01799,Bus,6160,3
IDFM:C01617,Bus,4206,3
IDFM:C01057,Bus,2423,3
IDFM:C01830,Bus,A,3
IDFM:C00034,Bus,C,3
IDFM:C02502,Bus,V,3
IDFM:C02598,Bus,R,3
IDFM:C01625,Bus,4246,3
IDFM:C01672,Bus,4216,3
IDFM:C02632,Bus,4251,3
IDFM:C02740,Bus,4222,3
IDFM:C00194,Bus,1312,3
IDFM:C00196,Bus,1314,3
IDFM:C01820,Bus,7702,3
IDFM:C00400,Bus,1317,3
IDFM:C00765,Bus,1236,3
IDFM:C00638,Bus,2263,3
IDFM:C00783,Bus,1228,3
IDFM:C02086,Bus,1225,3
IDFM:C00940,Bus,2364,3
IDFM:C00919,Bus,2323,3
IDFM:C00447,Bus,30-14,3
IDFM:C00464,Bus,30-38,3
IDFM:C00467,Bus,30-43,3
IDFM:C02389,Bus,30-21Est,3
IDFM:C02049,Bus,30-21Oues,3
IDFM:C02040,Bus,CitéVal C,3
IDFM:C01876,Bus,30-46,3
IDFM:C01328,Bus,492,3
IDFM:C02832,Bus,9509,3
IDFM:C00048,Bus,6140,3
IDFM:C02288,Bus,193,3
IDFM:C01326,Bus,485,3
IDFM:C02534,Bus,13,3
IDFM:C01410,Bus,N71,3
IDFM:C01300,Bus,ROISSYBUS,3
IDFM:C01317,Bus,391,3
IDFM:C01266,Bus,291,3
IDFM:C01405,Bus,N45,3
IDFM:C00049,Bus,6142,3
IDFM:C00051,Bus,6145,3
IDFM:C01683,Bus,T4,3
IDFM:C02469,Bus,T13,3
IDFM:C01327,Bus,488,3
IDFM:C01807,Bus,N66,3
IDFM:C01420,Bus,N12,3
IDFM:C01408,Bus,N63,3
IDFM:C01403,Bus,N62,3
IDFM:C01402,Bus,N61,3
IDFM:C02307,Bus,21s,3
IDFM:C00890,Bus,3654,3
IDFM:C00894,Bus,3653,3
IDFM:C00389,Bus,4273,3
IDFM:C02079,Bus,2473,3
IDFM:C02351,Bus,445,3
IDFM:C00367,Bus,4162,3
IDFM:C00965,Bus,4576,3
IDFM:C00966,Bus,4578,3
IDFM:C01707,Bus,4575,3
IDFM:C02193,Bus,3773,3
IDFM:C01753,Bus,3655,3
IDFM:C02782,Bus,4157,3
IDFM:C02823,Bus,TàD 4343,3
IDFM:C00897,Bus,3630,3
IDFM:C00895,Bus,3634,3
IDFM:C02735,Bus,TàD,3
IDFM:C01363,Bus,V7,3
IDFM:C02508,Bus,Soir,3
IDFM:C02771,Bus,Soir,3
IDFM:C02772,Bus,Soir,3
IDFM:C01359,Bus,V3,3
IDFM:C02690,Bus,Soir,3
IDFM:C01757,Bus,Traverse,3
IDFM:C01831,Bus,B,3
IDFM:C01902,Bus,F,3
IDFM:C01903,Bus,H,3
IDFM:C02688,Bus,Soir,3
IDFM:C01354,Bus,TUC,3
IDFM:C02644,Bus,Soir,3
IDFM:C01780,Bus,THIAIS,3
IDFM:C02822,Bus,TàD 4342,3
IDFM:C02824,Bus,TàD 4344,3
IDFM:C01806,Bus,3702,3
IDFM:C02422,Bus,TàD,3
IDFM:C02465,Bus,Soir,3
IDFM:C02260,Bus,Soir,3
IDFM:C02464,Bus,Soir,3
IDFM:C02179,Bus,A01 PPM,3
IDFM:C02494,Bus,14,3
IDFM:C02835,Bus,9517,3
IDFM:C00239,Bus,R104,3
IDFM:C00240,Bus,R105,3
IDFM:C00242,Bus,R107,3
IDFM:C00243,Bus,R108,3
IDFM:C00244,Bus,R109,3
IDFM:C02715,Bus,5477,3
IDFM:C01816,Bus,R114,3
IDFM:C02704,Bus,2164,3
IDFM:C02706,Bus,2165,3
IDFM:C02707,Bus,2166,3
IDFM:C00220,Bus,1350,3
IDFM:C01035,Bus,5474,3
IDFM:C02425,Bus,O,3
IDFM:C01397,Bus,N23,3
IDFM:C01418,Bus,N14,3
IDFM:C01394,Bus,N51,3
IDFM:C01419,Bus,N13,3
IDFM:C01392,Bus,N24,3
IDFM:C01417,Bus,N15,3
IDFM:C01396,Bus,N42,3
IDFM:C01414,Bus,N02,3
IDFM:C01413,Bus,N01,3
IDFM:C01406,Bus,N43,3
IDFM:C01411,Bus,N41,3
IDFM:C01407,Bus,N22,3
IDFM:C02209,Bus,3659,3
IDFM:C02501,Bus,U,3
IDFM:C02664,Bus,Filéo com,3
IDFM:C01639,Bus,N141,3
IDFM:C01638,Bus,N140,3
IDFM:C02196,Bus,2417,3
IDFM:C02517,Bus,CitéVal,3
IDFM:C02439,Bus,K,3
IDFM:C02500,Bus,T,3
IDFM:C01743,RER/Rail,B,2
IDFM:C01739,RER/Rail,J,2
IDFM:C01729,RER/Rail,E,2
IDFM:C01727,RER/Rail,C,2
IDFM:C01737,RER/Rail,H,2
IDFM:C01740,RER/Rail,L,2
IDFM:C01730,RER/Rail,P,2
IDFM:C01853,Bus,E,3
IDFM:C01745,RER/Rail,TER,2
IDFM:C01728,RER/Rail,D,2
IDFM:C01741,RER/Rail,U,2
IDFM:C01744,RER/Rail,TER,2
IDFM:C01742,RER/Rail,A,2
IDFM:C01852,Bus,D,3
IDFM:C01738,RER/Rail,K,2
IDFM:C01731,RER/Rail,R,2
IDFM:C01736,RER/Rail,N,2
IDFM:C01841,Bus,P,3
IDFM:C02711,RER/Rail,V,2
IDFM:C01746,RER/Rail,TER,2
IDFM:C01849,Bus,A,3
IDFM:C01851,Bus,C,3
IDFM:C02375,RER/Rail,TER,2
IDFM:C01748,RER/Rail,TER,2
IDFM:C01847,Bus,L,3
IDFM:C01848,Bus,R,3
IDFM:C01840,Bus,U,3
IDFM:C01747,RER/Rail,TER,2
IDFM:C01842,Bus,H,3
IDFM:C01850,Bus,B,3
IDFM:C01857,RER/Rail,TER,2
IDFM:C01846,Bus,J,3
IDFM:C01845,Bus,N,3
IDFM:C01863,RER/Rail,TER,2
IDFM:C02370,RER/Rail,TER,2
IDFM:C02368,RER/Rail,TER,2
IDFM:C01844,Bus,K,3
IDFM:C02712,Bus,V,3
